,precision,recall,f1-score,support
Action,0.7158671586715867,0.48866498740554154,0.5808383233532934,397.0
Adventure,0.5263157894736842,0.2723735408560311,0.358974358974359,257.0
Animation,0.6703296703296703,0.40939597315436244,0.5083333333333333,149.0
Comedy,0.6189024390243902,0.42028985507246375,0.5006165228113441,483.0
Crime,0.625,0.46153846153846156,0.5309734513274337,195.0
Documentary,0.6923076923076923,0.2903225806451613,0.4090909090909091,31.0
Drama,0.665158371040724,0.4957841483979764,0.5681159420289855,593.0
Family,0.6764705882352942,0.42990654205607476,0.5257142857142857,214.0
Fantasy,0.625,0.3592814371257485,0.45627376425855515,167.0
History,0.6923076923076923,0.13043478260869565,0.21951219512195122,69.0
Horror,0.6808510638297872,0.4507042253521127,0.5423728813559322,213.0
Music,0.5217391304347826,0.5,0.5106382978723404,48.0
Mystery,0.4166666666666667,0.12096774193548387,0.1875,124.0
Romance,0.6257668711656442,0.4214876033057851,0.5037037037037037,242.0
Science Fiction,0.675,0.45251396648044695,0.5418060200668896,179.0
TV Movie,0.6666666666666666,0.041666666666666664,0.0784313725490196,48.0
Thriller,0.6052631578947368,0.39753086419753086,0.4798807749627422,405.0
War,0.4864864864864865,0.391304347826087,0.43373493975903615,46.0
Western,0.8461538461538461,0.36666666666666664,0.5116279069767442,30.0
micro avg,0.6388443017656501,0.40925449871465297,0.49890316515198996,3890.0
macro avg,0.6332764889836501,0.3632018100679629,0.4446388938558346,3890.0
weighted avg,0.6354350604142053,0.40925449871465297,0.49175647402543887,3890.0
samples avg,0.6365154840282857,0.43327619047619054,0.4643510341510341,3890.0
